{
  "grid_import": 466888.07317682396,
  "p2p_traded": 0,
  "barter_consumed": 95939.27453282858,
  "coordinator_payouts": 0.0,
  "avg_price": 4.7353834329859485e-05
}